date,total_books,reviewers,journals,gb_attempted,gb_with_description,review_abstracts,full_text_books,title_only_books,new_books,new_descriptions
2026-09-10 02:24 UTC,3808,3051,16,876,795,860,1219,2589,,
2026-09-10 02:33 UTC,3808,3051,16,884,802,860,1226,2582,0,7
2026-09-10 12:57 UTC,3799,3043,16,985,875,861,1297,2502,-9,73
2026-09-11 13:11 UTC,3799,3043,16,1885,1457,861,1841,1958,0,582
2026-09-12 12:33 UTC,3800,3044,16,2785,2080,861,2403,1397,1,623
2026-09-13 13:42 UTC,3842,3066,17,3685,2807,849,3009,833,42,727
2026-09-14 15:10 UTC,3847,3071,17,3897,2916,849,3070,777,5,109
2026-09-15 13:34 UTC,3847,3071,17,3897,2916,849,3070,777,0,0
2026-09-16 13:32 UTC,3847,3071,17,3897,2916,849,3070,777,0,0
2026-09-17 13:27 UTC,3847,3071,17,3897,2916,849,3070,777,0,0
2026-09-18 12:59 UTC,3847,3071,17,3897,2916,849,3070,777,0,0
2026-09-19 12:31 UTC,3851,3072,17,3901,2920,849,3074,777,4,4
2026-09-20 13:06 UTC,3851,3071,17,3948,2957,835,3106,745,0,37
2026-09-21 15:07 UTC,3851,3071,17,3948,2957,835,3106,745,0,0
2026-09-22 13:26 UTC,3852,3072,17,3949,2958,835,3107,745,1,1
2026-09-23 13:40 UTC,3852,3072,17,3949,2958,835,3107,745,0,0
2026-09-24 13:35 UTC,3852,3071,17,3949,2958,835,3107,745,0,0
2026-09-25 13:47 UTC,3852,3068,17,3949,2958,835,3107,745,0,0
2026-09-26 13:06 UTC,3854,3067,17,3951,2960,835,3109,745,2,2
2026-09-27 13:59 UTC,3863,3031,17,3978,2968,844,3122,741,9,8
2026-09-28 16:46 UTC,3863,3031,17,3978,2968,844,3122,741,0,0
2026-09-30 14:58 UTC,3865,3032,17,3980,2969,845,3124,741,2,1
2026-10-01 15:29 UTC,3867,3034,17,3982,2970,845,3125,742,2,1
2026-10-02 14:47 UTC,3868,3035,17,3983,2970,846,3126,742,1,0
2026-10-03 13:25 UTC,3868,3035,17,3983,2970,846,3126,742,0,0
2026-10-04 14:09 UTC,3876,2966,16,4022,3002,855,3152,724,8,32
2026-10-05 17:10 UTC,3876,2966,16,4022,3002,855,3152,724,0,0
2026-10-06 15:13 UTC,3877,2967,16,4023,3003,856,3153,724,1,1
2026-10-07 15:35 UTC,3879,2968,16,4024,3004,857,3154,725,2,1
